id_auto,marca_original,modelo,año,kilometraje,color,precio_usd
1,fiat.,Toro,2024,33850,Negro,33669.35
2,BMW Motors,X5,2018,105598,Gris,93832.63
3,bmw,X5,2020,94229,Gris,93508.49
4,volkswagen.,Golf,2024,40114,Rojo,34246.02
5,RENAULT,Sandero,2019,58945,Gris,18661.32
6,ford,Ranger,2019,109089,Negro,38592.4
7,bmw,X5,2023,38317,Negro,96405.81
8,FORD,Fiesta,2015,176800,Negro,13600.57
9,bmw.,Serie 3,2021,63003,Plata,63636.24
10,Peugeot Co.,208,2015,183543,Negro,8622.11
11,RENAULT,Duster,2018,107510,Gris,22823.39
12,volkswagen,Golf,2016,174330,Negro,18218.03
13,Toyota Motors,Hilux,2017,75177,Rojo,43183.42
14,Peugeot Co.,3008,2015,85057,Gris,27635.98
15,ford,Ranger,2022,65201,Azul,43128.41
16,Peugeot Co.,3008,2019,75706,Blanco,34171.65
17,fiat,Toro,2019,77296,Blanco,25935.11
18,FIAT,Cronos,2017,135077,Rojo,11690.27
19,fiat,Toro,2016,111105,Negro,20260.77
20,Peugeot Motors,208,2015,129679,Rojo,12959.74
21,BMW Motors,X5,2020,80635,Azul,94528.48
22,toyota.,Hilux,2018,71673,Plata,43923.06
23,ford,Ranger,2017,125863,Plata,35456.4
24,volkswagen,Golf,2019,96304,Azul,27752.0
25,bmw.,Serie 3,2022,43410,Rojo,62001.99
26,FIAT,Toro,2023,36030,Negro,32301.03
27,ford,Ranger,2016,169722,Blanco,34880.02
28,TOYOTA,Corolla,2024,37707,Negro,36100.11
29,CHEVROLET,Cruze,2016,110293,Plata,20773.0
30,Peugeot Co.,3008,2015,171044,Negro,24866.34
31,RENAULT,Sandero,2023,44808,Plata,21805.15
32,volkswagen,Golf,2021,56419,Blanco,28466.84
33,bmw,Serie 3,2015,167601,Gris,55092.32
34,FORD,Fiesta,2022,33787,Gris,28484.88
35,renault.,Sandero,2021,72121,Rojo,17786.88
36,Peugeot Motors,3008,2016,169795,Negro,26666.28
37,fiat,Cronos,2023,43173,Azul,25504.18
38,Chevrolet Co.,Onix,2015,131289,Rojo,14324.85
39,RENAULT,Sandero,2018,124716,Gris,13539.27
40,CHEVROLET,Onix,2016,85637,Plata,13364.98
41,renault.,Sandero,2018,71937,Blanco,17198.5
42,toyota.,Corolla,2018,75703,Rojo,26315.96
43,Peugeot Co.,208,2015,110011,Azul,12896.87
44,Volkswagen Motors,Amarok,2024,39253,Plata,47426.74
45,fiat,Toro,2017,146740,Negro,23266.6
46,RENAULT,Duster,2015,188719,Azul,18060.61
47,CHEVROLET,Cruze,2015,147253,Plata,18182.12
48,RENAULT,Duster,2021,50651,Gris,26225.43
49,renault.,Duster,2018,94720,Gris,24129.18
50,CHEVROLET,Onix,2023,44303,Rojo,23854.48
51,CHEVROLET,Onix,2019,73655,Gris,18954.56
52,ford,Ranger,2016,166379,Plata,32609.53
53,bmw.,X5,2021,88909,Azul,95405.17
54,Toyota Motors,Corolla,2024,41856,Negro,34778.35
55,Peugeot Co.,3008,2019,58787,Negro,31942.92
56,bmw,Serie 3,2022,40220,Plata,65050.33
57,BMW Motors,Serie 3,2023,40047,Gris,69692.75
58,RENAULT,Duster,2019,85225,Gris,25517.2
59,Peugeot Motors,208,2022,52845,Negro,21168.96
60,FIAT,Toro,2015,193947,Negro,19700.28
61,Chevrolet Co.,Cruze,2023,55868,Azul,28421.86
62,RENAULT,Sandero,2018,112843,Negro,12619.29
63,renault.,Duster,2023,42937,Gris,33853.52
64,Peugeot Motors,3008,2017,119967,Negro,26652.04
65,CHEVROLET,Onix,2023,27284,Azul,24317.01
66,Toyota Motors,Corolla,2015,156113,Negro,21377.76
67,bmw.,Serie 3,2015,123163,Azul,55568.05
68,Peugeot Motors,208,2024,28154,Plata,27957.97
69,Peugeot Co.,208,2023,47980,Rojo,23057.81
70,Toyota Motors,Hilux,2023,41345,Blanco,48693.18
71,renault.,Sandero,2016,166819,Negro,12453.86
72,bmw.,X5,2020,67844,Rojo,95023.97
73,ford,Ranger,2022,70063,Negro,44919.9
74,BMW Motors,Serie 3,2015,99893,Rojo,53824.13
75,RENAULT,Duster,2015,91781,Plata,21615.33
76,Chevrolet Co.,Cruze,2021,68136,Azul,27953.55
77,FORD,Fiesta,2018,135567,Rojo,18847.87
78,Volkswagen Motors,Golf,2019,119451,Azul,24053.18
79,Toyota Motors,Hilux,2015,132797,Azul,39434.88
80,CHEVROLET,Onix,2019,69861,Azul,20541.09
81,bmw,X5,2023,36406,Rojo,100042.36
82,Chevrolet Co.,Cruze,2015,110234,Rojo,18808.45
83,bmw.,X5,2024,39369,Rojo,100247.57
84,fiat,Toro,2022,67440,Negro,33410.39
85,fiat.,Toro,2021,54233,Plata,28928.91
86,renault.,Duster,2018,70073,Blanco,23923.0
87,Volkswagen Motors,Amarok,2017,129138,Gris,37100.52
88,fiat,Cronos,2015,144656,Rojo,12531.25
89,FIAT,Cronos,2017,84922,Negro,18458.81
90,RENAULT,Duster,2016,83241,Blanco,26834.41
91,fiat.,Cronos,2024,38098,Gris,23199.85
92,renault.,Duster,2021,67481,Blanco,28687.06
93,bmw,Serie 3,2021,52991,Negro,64886.41
94,volkswagen.,Amarok,2022,43452,Blanco,45135.42
95,CHEVROLET,Cruze,2021,61167,Rojo,25375.21
96,ford,Ranger,2018,127197,Azul,38460.73
97,BMW Motors,Serie 3,2017,117775,Blanco,55531.52
98,RENAULT,Duster,2020,91964,Gris,26239.6
99,renault.,Duster,2020,103762,Plata,25361.3
100,BMW Motors,X5,2017,130948,Gris,87792.88
101,volkswagen,Amarok,2024,25373,Gris,48399.39
102,RENAULT,Duster,2020,63522,Azul,28322.21
103,bmw,Serie 3,2023,19809,Plata,65501.86
104,Peugeot Co.,3008,2019,65991,Rojo,32001.08
105,Peugeot Co.,3008,2018,99172,Plata,34916.36
106,CHEVROLET,Cruze,2016,155853,Azul,20689.96
107,Peugeot Motors,3008,2023,29622,Gris,37744.1
108,FORD,Fiesta,2020,63088,Plata,24999.49
109,TOYOTA,Hilux,2020,87220,Blanco,45419.87
110,Toyota Motors,Hilux,2018,128986,Plata,41918.44
111,BMW Motors,X5,2021,87188,Plata,92275.64
112,CHEVROLET,Onix,2022,41593,Gris,21309.24
113,renault.,Sandero,2017,121475,Gris,14867.05
114,FIAT,Cronos,2023,47993,Gris,21523.7
115,Peugeot Co.,3008,2022,50038,Blanco,36267.69
116,Volkswagen Motors,Golf,2015,146898,Plata,20814.28
117,FORD,Fiesta,2023,32756,Azul,26748.58
118,CHEVROLET,Cruze,2022,55767,Rojo,29741.36
119,Chevrolet Co.,Cruze,2021,34289,Plata,29436.68
120,BMW Motors,X5,2021,37712,Plata,98581.61
121,bmw.,X5,2016,171419,Blanco,86914.04
122,CHEVROLET,Cruze,2018,125987,Blanco,23929.22
123,volkswagen,Amarok,2023,34600,Azul,45541.25
124,RENAULT,Sandero,2020,80696,Rojo,16488.69
125,CHEVROLET,Onix,2017,125240,Blanco,16371.67
126,BMW Motors,Serie 3,2017,122000,Plata,58286.79
127,CHEVROLET,Cruze,2024,29004,Azul,33443.52
128,RENAULT,Sandero,2022,61138,Plata,19722.44
129,Chevrolet Co.,Cruze,2019,77153,Negro,24566.61
130,FIAT,Cronos,2020,50717,Rojo,21179.69
131,Chevrolet Co.,Cruze,2023,45135,Plata,30379.64
132,Peugeot Motors,3008,2021,63394,Rojo,31610.69
133,Chevrolet Co.,Onix,2018,101269,Blanco,15871.22
134,Volkswagen Motors,Amarok,2017,145957,Azul,33486.72
135,Peugeot Co.,208,2019,116525,Gris,17352.49
136,TOYOTA,Hilux,2023,40505,Rojo,47823.48
137,FORD,Ranger,2015,173700,Gris,32598.85
138,fiat,Toro,2016,114893,Negro,23722.97
139,fiat.,Toro,2017,93325,Negro,24000.05
140,bmw.,X5,2023,38094,Azul,98307.8
141,CHEVROLET,Cruze,2019,122135,Gris,24397.12
142,FORD,Ranger,2015,144317,Plata,32049.01
143,Chevrolet Co.,Onix,2017,128025,Negro,12610.74
144,RENAULT,Sandero,2024,24196,Plata,24793.66
145,RENAULT,Duster,2016,96373,Rojo,20629.17
146,volkswagen,Amarok,2022,63151,Gris,43318.7
147,TOYOTA,Corolla,2022,53118,Blanco,33584.09
148,renault.,Duster,2018,130268,Gris,21098.58
149,FIAT,Toro,2023,56002,Negro,32440.86
150,Peugeot Motors,208,2015,109192,Plata,14830.8
151,Peugeot Co.,208,2017,133754,Rojo,13440.8
152,toyota.,Corolla,2017,119494,Negro,25638.33
153,Volkswagen Motors,Amarok,2019,65366,Gris,41434.52
154,Chevrolet Co.,Cruze,2019,87962,Rojo,23754.35
155,FORD,Fiesta,2018,128684,Blanco,19105.93
156,Chevrolet Co.,Cruze,2015,88581,Plata,22962.02
157,fiat,Toro,2017,145735,Blanco,23862.19
158,BMW Motors,Serie 3,2016,102121,Gris,56936.06
159,FIAT,Cronos,2021,53632,Plata,20621.16
160,Chevrolet Co.,Onix,2024,22672,Rojo,25884.55
161,fiat.,Cronos,2017,133092,Azul,14603.6
162,Peugeot Co.,208,2016,99657,Blanco,18654.02
163,RENAULT,Duster,2020,57715,Negro,25581.54
164,volkswagen,Golf,2018,141160,Azul,24435.29
165,volkswagen,Golf,2019,82058,Azul,27749.91
166,bmw,X5,2019,62209,Negro,93254.71
167,Peugeot Motors,208,2018,129783,Plata,14644.02
168,FORD,Ranger,2020,64872,Rojo,41460.17
169,RENAULT,Sandero,2022,33478,Blanco,21511.41
170,FORD,Ranger,2018,70867,Blanco,39365.4
171,RENAULT,Duster,2021,69661,Blanco,28230.79
172,CHEVROLET,Onix,2019,66037,Azul,18967.92
173,bmw.,X5,2021,86155,Plata,95471.1
174,ford,Ranger,2018,65791,Negro,38228.21
175,ford,Fiesta,2022,69026,Blanco,25373.66
176,volkswagen,Golf,2016,83313,Plata,26463.95
177,Chevrolet Co.,Onix,2022,58150,Azul,22543.34
178,Volkswagen Motors,Amarok,2017,111550,Plata,35876.46
179,FORD,Ranger,2021,62205,Azul,42367.79
180,ford,Fiesta,2022,63118,Azul,24218.84
181,fiat,Toro,2024,23545,Gris,36439.58
182,CHEVROLET,Onix,2024,19342,Negro,27332.18
183,Toyota Motors,Corolla,2018,72784,Rojo,26622.89
184,FIAT,Cronos,2017,78107,Azul,16204.07
185,renault.,Duster,2018,118942,Plata,21488.1
186,FIAT,Cronos,2024,28314,Blanco,25972.87
187,Toyota Motors,Corolla,2023,32060,Rojo,34996.21
188,ford,Ranger,2019,102146,Blanco,38552.41
189,Peugeot Co.,3008,2018,105705,Azul,28918.29
190,volkswagen,Golf,2022,64891,Azul,29067.46
191,Peugeot Co.,208,2017,69577,Rojo,16269.95
192,Toyota Motors,Hilux,2015,139872,Blanco,38117.13
193,RENAULT,Sandero,2018,130403,Negro,14157.46
194,RENAULT,Sandero,2017,114623,Blanco,16656.22
195,Toyota Motors,Hilux,2020,96867,Plata,44175.63
196,FORD,Fiesta,2021,42536,Azul,26223.76
197,toyota.,Corolla,2018,96943,Gris,29184.75
198,FIAT,Toro,2020,97219,Gris,26521.38
199,bmw.,Serie 3,2017,151358,Blanco,57919.7
200,Chevrolet Co.,Onix,2022,62081,Gris,24663.08
201,renault.,Duster,2018,116854,Gris,21842.51
202,Peugeot Motors,208,2016,105840,Plata,15007.67
203,volkswagen,Golf,2018,105159,Negro,26202.12
204,FORD,Ranger,2021,77789,Blanco,42385.93
205,volkswagen.,Golf,2015,161356,Rojo,20310.64
206,bmw.,X5,2016,105746,Blanco,88354.47
207,Toyota Motors,Corolla,2017,95077,Rojo,27238.05
208,fiat.,Cronos,2024,36533,Gris,23433.29
209,FORD,Fiesta,2018,128324,Negro,19498.93
210,ford,Fiesta,2015,175789,Blanco,14690.77
211,CHEVROLET,Cruze,2022,42174,Rojo,32035.18
212,renault.,Duster,2018,87532,Gris,25518.42
213,volkswagen.,Golf,2015,134867,Plata,23083.93
214,volkswagen.,Amarok,2023,43684,Blanco,47163.3
215,ford,Ranger,2017,138045,Negro,33549.87
216,bmw,Serie 3,2021,64681,Rojo,59730.51
217,Peugeot Motors,3008,2021,61072,Negro,34828.07
218,toyota.,Corolla,2015,144631,Blanco,22002.75
219,Peugeot Motors,208,2017,93274,Negro,14532.52
220,BMW Motors,Serie 3,2018,132642,Rojo,56947.79
221,fiat,Cronos,2018,143192,Gris,14307.32
222,fiat.,Cronos,2020,95530,Azul,17967.47
223,Chevrolet Co.,Cruze,2023,33971,Negro,32175.81
224,Peugeot Co.,208,2015,131387,Azul,11277.77
225,bmw.,X5,2015,145729,Azul,85253.37
226,bmw.,X5,2017,119458,Blanco,91757.1
227,Toyota Motors,Corolla,2016,162277,Gris,22453.6
228,ford,Ranger,2024,17188,Gris,46537.23
229,volkswagen.,Golf,2017,135984,Plata,21227.86
230,Peugeot Motors,208,2023,39323,Negro,22633.65
231,CHEVROLET,Cruze,2019,78460,Negro,25622.2
232,TOYOTA,Hilux,2024,14261,Negro,52879.22
233,fiat.,Cronos,2024,18960,Rojo,24715.35
234,CHEVROLET,Onix,2018,111912,Gris,18100.22
235,Chevrolet Co.,Cruze,2022,30621,Gris,29358.33
236,bmw.,Serie 3,2020,72129,Blanco,58701.31
237,Toyota Motors,Hilux,2022,53439,Negro,51045.56
238,RENAULT,Duster,2020,108255,Rojo,24254.97
239,ford,Fiesta,2017,140843,Blanco,18428.94
240,toyota.,Corolla,2020,85983,Blanco,30710.13
241,ford,Fiesta,2021,52668,Plata,23796.63
242,FORD,Ranger,2024,25392,Plata,47662.56
243,toyota.,Corolla,2024,27200,Negro,33042.62
244,Toyota Motors,Hilux,2018,86309,Rojo,41793.77
245,volkswagen,Amarok,2019,89985,Blanco,41773.13
246,toyota.,Hilux,2017,80005,Gris,45319.69
247,toyota.,Corolla,2019,125140,Rojo,24476.77
248,bmw.,Serie 3,2018,92476,Plata,59946.95
249,Volkswagen Motors,Amarok,2016,126371,Rojo,35227.8
250,Peugeot Motors,3008,2016,165637,Rojo,21972.14
251,CHEVROLET,Cruze,2020,70040,Rojo,29212.32
252,toyota.,Hilux,2022,43665,Negro,50279.53
253,volkswagen,Golf,2017,83653,Blanco,24704.93
254,fiat.,Toro,2024,21084,Azul,32755.23
255,toyota.,Hilux,2023,47531,Azul,48514.68
256,BMW Motors,X5,2016,145761,Plata,87865.4
257,TOYOTA,Corolla,2016,152614,Negro,20971.02
258,Chevrolet Co.,Onix,2017,75983,Rojo,18513.85
259,ford,Fiesta,2017,161744,Gris,15255.19
260,fiat.,Cronos,2016,143977,Azul,13448.12
261,RENAULT,Duster,2023,39840,Blanco,31822.24
262,renault.,Duster,2017,91201,Azul,23651.85
263,FORD,Fiesta,2019,114371,Gris,17945.98
264,RENAULT,Duster,2022,62977,Azul,28638.16
265,Peugeot Co.,208,2019,103252,Negro,16597.19
266,renault.,Duster,2020,73906,Blanco,24281.95
267,Peugeot Motors,3008,2015,148620,Gris,22395.58
268,volkswagen.,Amarok,2016,114732,Negro,36608.16
269,volkswagen,Amarok,2020,71042,Plata,41326.28
270,renault.,Sandero,2022,49877,Rojo,19790.2
271,Peugeot Motors,208,2023,35154,Blanco,23023.51
272,volkswagen,Amarok,2017,151420,Azul,37548.45
273,Toyota Motors,Corolla,2018,61665,Negro,27029.73
274,toyota.,Corolla,2020,69880,Gris,29150.83
275,FIAT,Toro,2016,86484,Negro,23402.24
276,FIAT,Toro,2017,142321,Azul,22062.04
277,FIAT,Cronos,2019,71031,Gris,18885.24
278,toyota.,Corolla,2017,157725,Negro,22384.56
279,bmw,Serie 3,2018,97313,Plata,58272.08
280,renault.,Sandero,2022,42245,Plata,20667.5
281,Chevrolet Co.,Onix,2019,126928,Gris,20301.34
282,volkswagen.,Amarok,2020,96604,Gris,40263.78
283,BMW Motors,X5,2023,48322,Azul,97813.4
284,FORD,Ranger,2023,45031,Azul,43861.48
285,volkswagen.,Golf,2022,28696,Gris,31581.41
286,volkswagen,Amarok,2019,86019,Plata,42843.8
287,Volkswagen Motors,Golf,2023,37118,Blanco,32601.04
288,RENAULT,Sandero,2015,180945,Gris,5440.77
289,volkswagen.,Amarok,2021,43832,Azul,44983.86
290,BMW Motors,Serie 3,2023,41467,Plata,67649.62
291,fiat.,Toro,2017,155667,Negro,21472.05
292,Volkswagen Motors,Amarok,2017,112664,Plata,40736.16
293,CHEVROLET,Onix,2018,111287,Negro,17564.42
294,volkswagen.,Amarok,2020,71776,Azul,40395.31
295,volkswagen.,Golf,2022,38837,Plata,30368.21
296,ford,Fiesta,2023,30175,Plata,27325.64
297,RENAULT,Duster,2015,117085,Negro,20731.67
298,BMW Motors,X5,2024,35142,Negro,99553.59
299,fiat.,Cronos,2016,158800,Gris,10385.85
300,CHEVROLET,Onix,2015,167688,Gris,12319.99
301,bmw.,Serie 3,2022,40795,Negro,63880.98
302,RENAULT,Duster,2021,82583,Rojo,28717.22
303,Toyota Motors,Corolla,2020,51033,Gris,33118.71
304,bmw.,Serie 3,2018,90560,Plata,57357.82
305,FIAT,Cronos,2016,135725,Azul,14936.44
306,Volkswagen Motors,Golf,2015,144352,Gris,20520.78
307,Peugeot Motors,3008,2017,123654,Rojo,25147.34
308,fiat,Cronos,2021,51348,Negro,21583.17
309,bmw,Serie 3,2018,67309,Azul,61159.74
310,Chevrolet Co.,Cruze,2015,157541,Plata,18546.48
311,volkswagen,Golf,2024,14408,Plata,35258.84
312,FORD,Fiesta,2016,155808,Rojo,17806.77
313,renault.,Duster,2022,48404,Negro,28855.0
314,toyota.,Hilux,2016,161281,Gris,38353.67
315,CHEVROLET,Onix,2023,30006,Gris,26791.02
316,FORD,Ranger,2018,137046,Negro,39427.26
317,volkswagen,Golf,2020,87645,Gris,27015.65
318,Chevrolet Co.,Cruze,2018,122951,Gris,19984.92
319,bmw.,Serie 3,2016,101382,Azul,56847.79
320,Peugeot Co.,208,2023,22527,Plata,23043.67
321,ford,Fiesta,2022,50056,Gris,28751.01
322,Peugeot Co.,208,2017,76775,Gris,14890.41
323,fiat.,Toro,2021,48507,Blanco,30208.1
324,Toyota Motors,Corolla,2017,109668,Gris,24883.5
325,Peugeot Motors,208,2020,80766,Negro,20909.84
326,ford,Ranger,2022,57207,Rojo,45515.53
327,Peugeot Motors,208,2016,100634,Plata,13511.68
328,Toyota Motors,Corolla,2021,98683,Rojo,28848.09
329,Peugeot Co.,3008,2020,50887,Plata,33073.9
330,CHEVROLET,Cruze,2016,148172,Rojo,19015.72
331,Toyota Motors,Hilux,2020,46917,Plata,46468.45
332,bmw,X5,2023,49578,Plata,97753.85
333,ford,Fiesta,2022,51804,Plata,26328.47
334,renault.,Sandero,2015,115261,Azul,13769.24
335,Peugeot Motors,208,2016,149946,Gris,14589.69
336,BMW Motors,X5,2015,184339,Negro,82394.66
337,RENAULT,Sandero,2016,153839,Rojo,10020.08
338,Peugeot Co.,3008,2022,47081,Blanco,34214.63
339,Peugeot Co.,208,2021,69332,Blanco,24008.47
340,Toyota Motors,Hilux,2023,55381,Negro,51715.19
341,Peugeot Motors,3008,2015,131058,Rojo,23008.81
342,fiat.,Toro,2020,90385,Blanco,28566.74
343,FORD,Fiesta,2020,78019,Plata,24258.64
344,volkswagen,Amarok,2016,86538,Negro,37243.56
345,Peugeot Co.,3008,2016,124503,Azul,26663.76
346,bmw.,Serie 3,2021,56216,Rojo,64909.27
347,bmw,X5,2016,143575,Blanco,89263.03
348,ford,Ranger,2024,34892,Negro,46665.54
349,Peugeot Co.,208,2023,46577,Azul,21827.36
350,Peugeot Co.,208,2017,90960,Rojo,15929.45
351,fiat.,Toro,2021,87794,Plata,30122.78
352,BMW Motors,X5,2020,74096,Rojo,92352.99
353,Chevrolet Co.,Cruze,2024,26559,Gris,33113.86
354,fiat.,Cronos,2018,86358,Azul,19346.08
355,volkswagen,Amarok,2017,89889,Azul,40699.68
356,fiat.,Cronos,2020,104116,Rojo,17469.71
357,RENAULT,Duster,2015,180024,Blanco,18097.62
358,toyota.,Corolla,2015,98046,Negro,25542.88
359,Volkswagen Motors,Amarok,2019,73249,Blanco,41429.25
360,Volkswagen Motors,Golf,2020,91035,Blanco,27718.01
361,bmw,X5,2018,132191,Plata,87786.15
362,volkswagen,Golf,2021,66352,Rojo,30329.06
363,fiat.,Cronos,2015,133970,Negro,11995.37
364,Peugeot Co.,3008,2024,33983,Plata,37992.14
365,bmw,Serie 3,2019,105311,Negro,58493.55
366,FORD,Fiesta,2023,30648,Rojo,26253.28
367,toyota.,Hilux,2023,38620,Negro,48008.22
368,CHEVROLET,Onix,2020,97956,Plata,20100.88
369,Chevrolet Co.,Onix,2020,107698,Blanco,20727.63
370,volkswagen.,Amarok,2016,138731,Azul,36578.66
371,bmw.,Serie 3,2023,24469,Rojo,64479.53
372,renault.,Duster,2018,89460,Plata,24013.44
373,FIAT,Toro,2019,83123,Azul,25670.85
374,Peugeot Co.,208,2020,92553,Negro,18202.04
375,bmw.,X5,2021,46838,Rojo,94482.3
376,volkswagen,Amarok,2015,177455,Gris,30587.0
377,Peugeot Motors,208,2019,74174,Gris,20642.63
378,FORD,Fiesta,2023,46410,Blanco,31560.12
379,FORD,Fiesta,2021,50483,Negro,25805.52
380,renault.,Sandero,2015,167319,Plata,10421.11
381,fiat,Cronos,2016,86587,Negro,15486.6
382,volkswagen,Golf,2024,33698,Gris,33539.5
383,RENAULT,Duster,2021,80067,Gris,26042.22
384,toyota.,Corolla,2023,24148,Plata,36869.54
385,FORD,Fiesta,2020,94920,Blanco,25447.27
386,volkswagen,Amarok,2024,21665,Gris,46881.37
387,Peugeot Motors,3008,2015,175944,Negro,24641.35
388,bmw.,X5,2023,40983,Plata,96600.43
389,CHEVROLET,Cruze,2015,184839,Azul,16410.97
390,Chevrolet Co.,Onix,2015,190915,Azul,11439.83
391,renault.,Duster,2018,109774,Negro,21257.15
392,renault.,Sandero,2017,106073,Azul,14642.59
393,Volkswagen Motors,Golf,2017,157885,Blanco,23716.35
394,Peugeot Co.,3008,2016,124405,Blanco,27190.55
395,bmw,X5,2020,82825,Negro,92081.43
396,bmw.,X5,2024,20004,Negro,101311.35
397,FIAT,Toro,2020,79134,Plata,26123.85
398,CHEVROLET,Cruze,2021,49485,Blanco,30352.9
399,fiat,Cronos,2021,62506,Gris,21709.48
400,CHEVROLET,Cruze,2022,61297,Gris,28886.27
401,volkswagen.,Golf,2017,165195,Blanco,20992.16
402,Volkswagen Motors,Golf,2019,65148,Plata,27074.93
403,FORD,Fiesta,2024,33230,Rojo,28040.89
404,bmw.,X5,2023,51414,Rojo,97468.25
405,CHEVROLET,Cruze,2018,146303,Plata,20074.45
406,Volkswagen Motors,Amarok,2023,48338,Blanco,45265.19
407,RENAULT,Sandero,2018,91523,Azul,15576.3
408,CHEVROLET,Onix,2017,159638,Azul,11487.95
409,CHEVROLET,Cruze,2015,128503,Rojo,20551.81
410,bmw.,X5,2020,71333,Blanco,96788.24
411,bmw,X5,2021,76405,Rojo,97375.8
412,Toyota Motors,Hilux,2016,174615,Plata,37398.07
413,volkswagen,Amarok,2024,32053,Azul,49237.69
414,CHEVROLET,Cruze,2020,112086,Plata,23971.84
415,ford,Ranger,2018,129999,Rojo,36527.37
416,FIAT,Toro,2022,66218,Blanco,29342.21
417,CHEVROLET,Onix,2018,70087,Azul,17494.39
418,Volkswagen Motors,Golf,2017,95063,Gris,24973.49
419,FORD,Ranger,2020,65338,Rojo,40162.26
420,Peugeot Motors,208,2024,25219,Plata,25444.16
421,renault.,Sandero,2015,110847,Azul,12724.11
422,Chevrolet Co.,Onix,2024,16321,Blanco,27539.17
423,CHEVROLET,Onix,2023,44591,Azul,25032.08
424,TOYOTA,Hilux,2016,116636,Rojo,43934.33
425,Peugeot Motors,208,2018,115289,Azul,15315.5
426,Chevrolet Co.,Cruze,2017,120033,Rojo,20565.3
427,FORD,Ranger,2021,48280,Blanco,45710.92
428,Toyota Motors,Hilux,2017,166962,Blanco,38630.59
429,CHEVROLET,Onix,2023,45408,Blanco,25463.76
430,ford,Fiesta,2024,31461,Blanco,30133.65
431,RENAULT,Duster,2015,184291,Rojo,14433.29
432,BMW Motors,X5,2020,112090,Plata,95749.77
433,ford,Fiesta,2019,108267,Negro,20546.43
434,ford,Ranger,2019,78815,Blanco,41255.01
435,TOYOTA,Corolla,2023,26985,Rojo,36800.98
436,bmw,X5,2021,68967,Blanco,94999.04
437,CHEVROLET,Cruze,2019,111963,Rojo,22465.27
438,fiat.,Toro,2021,56552,Rojo,32347.0
439,Peugeot Co.,3008,2023,49202,Rojo,35921.59
440,volkswagen.,Amarok,2021,51244,Plata,45476.61
441,FORD,Ranger,2017,96885,Negro,37243.87
442,RENAULT,Sandero,2017,127417,Plata,14532.48
443,Toyota Motors,Corolla,2022,74063,Rojo,33537.23
444,FORD,Ranger,2018,114935,Blanco,37688.99
445,TOYOTA,Hilux,2021,85042,Gris,48136.17
446,Toyota Motors,Hilux,2022,35981,Negro,50541.77
447,Volkswagen Motors,Golf,2024,36994,Azul,35089.21
448,bmw,Serie 3,2015,158351,Negro,54647.27
449,Toyota Motors,Corolla,2019,101139,Gris,27368.82
450,RENAULT,Sandero,2023,29579,Plata,21543.54
451,FORD,Ranger,2023,54124,Gris,44574.41
452,FIAT,Cronos,2024,22488,Rojo,26805.72
453,renault.,Duster,2017,132794,Azul,20993.92
454,FORD,Ranger,2020,54062,Azul,43386.59
455,volkswagen,Amarok,2022,59293,Azul,47276.7
456,Peugeot Co.,3008,2022,60960,Azul,34585.53
457,toyota.,Corolla,2019,64739,Rojo,30852.92
458,bmw,Serie 3,2020,88160,Gris,61551.33
459,TOYOTA,Hilux,2018,104079,Blanco,43496.36
460,RENAULT,Sandero,2023,30986,Rojo,22696.76
461,FIAT,Cronos,2024,29110,Negro,23550.28
462,BMW Motors,Serie 3,2018,96251,Gris,57918.52
463,bmw.,Serie 3,2018,115444,Negro,56020.24
464,FORD,Fiesta,2022,30196,Azul,27507.0
465,toyota.,Hilux,2024,32596,Rojo,51134.55
466,volkswagen.,Golf,2023,35552,Rojo,35221.9
467,bmw,Serie 3,2015,176950,Rojo,49039.04
468,Peugeot Co.,3008,2021,56075,Rojo,32723.54
469,ford,Ranger,2015,86038,Plata,37590.82
470,BMW Motors,Serie 3,2020,84519,Azul,60250.53
471,Volkswagen Motors,Amarok,2018,94182,Rojo,40070.5
472,FIAT,Cronos,2022,62380,Negro,21644.14
473,RENAULT,Duster,2021,70291,Rojo,25631.78
474,Chevrolet Co.,Onix,2016,118117,Negro,14046.87
475,RENAULT,Sandero,2017,93867,Rojo,14540.99
476,Toyota Motors,Hilux,2022,39847,Plata,49934.97
477,FIAT,Toro,2019,115463,Azul,27469.81
478,toyota.,Corolla,2017,80518,Negro,28152.63
479,volkswagen.,Golf,2022,55302,Gris,31596.54
480,FIAT,Toro,2020,52223,Rojo,29621.53
481,ford,Fiesta,2024,37440,Plata,30608.93
482,CHEVROLET,Cruze,2020,98964,Rojo,26110.13
483,Peugeot Co.,3008,2024,25029,Rojo,39733.87
484,Chevrolet Co.,Cruze,2021,84119,Rojo,29316.06
485,FORD,Fiesta,2020,70273,Gris,21391.55
486,fiat.,Toro,2019,125938,Plata,24011.21
487,RENAULT,Duster,2020,109058,Azul,23713.45
488,Peugeot Motors,208,2017,73617,Negro,14652.92
489,bmw,X5,2016,112690,Negro,85993.13
490,renault.,Sandero,2016,151184,Azul,11937.34
491,Toyota Motors,Hilux,2023,31232,Blanco,51632.75
492,volkswagen,Golf,2016,140002,Gris,21628.34
493,bmw.,X5,2022,40269,Negro,96550.35
494,Chevrolet Co.,Onix,2020,85981,Rojo,20946.9
495,Peugeot Motors,3008,2017,150631,Negro,26161.93
496,Peugeot Motors,3008,2020,96179,Azul,27809.34
497,bmw.,X5,2019,96955,Rojo,91514.05
498,Volkswagen Motors,Amarok,2015,84004,Azul,36198.17
499,CHEVROLET,Cruze,2022,74258,Blanco,29519.65
500,Peugeot Motors,3008,2015,163287,Gris,24410.96
501,bmw.,X5,2018,123557,Azul,91926.89
502,RENAULT,Sandero,2017,129703,Rojo,11592.96
503,BMW Motors,Serie 3,2021,62412,Azul,63581.69
504,volkswagen.,Amarok,2021,58980,Blanco,44598.66
505,Chevrolet Co.,Cruze,2016,158798,Azul,18051.24
506,Peugeot Motors,3008,2018,111293,Blanco,29188.21
507,Chevrolet Co.,Onix,2017,95376,Gris,15774.3
508,Volkswagen Motors,Amarok,2015,136897,Blanco,35036.5
509,Chevrolet Co.,Cruze,2018,106202,Rojo,22195.08
510,volkswagen.,Amarok,2022,32794,Gris,46060.52
511,FORD,Fiesta,2019,103094,Blanco,20600.22
512,Peugeot Co.,208,2019,99659,Blanco,21428.75
513,FORD,Ranger,2022,55106,Plata,44874.72
514,Toyota Motors,Hilux,2016,165532,Plata,38531.11
515,BMW Motors,X5,2019,95505,Negro,91568.09
516,TOYOTA,Corolla,2019,110158,Plata,24240.01
517,Volkswagen Motors,Amarok,2015,128844,Blanco,36072.81
518,bmw,X5,2020,47543,Negro,98521.55
519,volkswagen,Golf,2021,55006,Blanco,28128.17
520,TOYOTA,Hilux,2024,21975,Gris,53581.77
521,FORD,Fiesta,2022,44723,Plata,25799.14
522,fiat.,Cronos,2015,156378,Plata,11005.23
523,Chevrolet Co.,Onix,2022,46557,Gris,24830.42
524,FIAT,Cronos,2015,158688,Gris,8594.45
525,CHEVROLET,Onix,2022,66578,Azul,24474.13
526,volkswagen,Amarok,2018,135769,Negro,37984.1
527,FIAT,Toro,2019,126632,Azul,25192.57
528,Chevrolet Co.,Onix,2022,49174,Gris,22379.73
529,FIAT,Cronos,2023,42527,Plata,25145.38
530,Chevrolet Co.,Cruze,2024,25998,Gris,31674.17
531,ford,Fiesta,2023,51539,Azul,22607.93
532,CHEVROLET,Cruze,2021,70975,Blanco,25196.55
533,FORD,Fiesta,2017,96884,Blanco,18260.72
534,bmw.,X5,2018,71757,Blanco,95112.18
535,RENAULT,Duster,2015,152151,Negro,19172.96
536,FORD,Fiesta,2022,37052,Rojo,27248.22
537,toyota.,Hilux,2020,54037,Azul,44843.85
538,volkswagen,Golf,2016,133775,Blanco,21539.49
539,bmw,Serie 3,2016,111613,Azul,55635.24
540,renault.,Sandero,2023,42228,Azul,23275.07
541,CHEVROLET,Onix,2024,26333,Plata,25691.13
542,Peugeot Motors,208,2017,97308,Azul,19136.26
543,RENAULT,Sandero,2023,55014,Rojo,21969.43
544,FIAT,Toro,2020,92651,Plata,27788.89
545,RENAULT,Sandero,2024,32841,Negro,23427.63
546,RENAULT,Duster,2022,61037,Rojo,28497.5
547,TOYOTA,Corolla,2019,127230,Blanco,26352.57
548,CHEVROLET,Onix,2019,84375,Negro,19182.05
549,fiat,Toro,2023,49442,Azul,28877.81
550,Chevrolet Co.,Onix,2022,58973,Negro,23665.95
551,CHEVROLET,Cruze,2024,28178,Negro,27987.61
552,volkswagen.,Golf,2024,37453,Azul,33105.23
553,bmw,Serie 3,2020,99862,Negro,59246.35
554,Peugeot Co.,3008,2015,194302,Rojo,20276.29
555,FORD,Ranger,2020,88194,Rojo,43502.32
556,FORD,Fiesta,2021,43667,Gris,25961.13
557,toyota.,Corolla,2020,100866,Plata,28804.55
558,bmw.,Serie 3,2021,77101,Azul,62877.9
559,FORD,Ranger,2019,110833,Negro,39126.09
560,CHEVROLET,Onix,2022,70252,Plata,24014.64
561,TOYOTA,Hilux,2019,70173,Rojo,46822.76
562,renault.,Sandero,2022,71206,Negro,18481.22
563,Peugeot Motors,208,2023,56300,Negro,21946.98
564,bmw.,X5,2021,67700,Plata,94822.09
565,FORD,Ranger,2021,69663,Gris,43158.31
566,BMW Motors,X5,2024,18077,Gris,101519.42
567,CHEVROLET,Cruze,2024,27232,Rojo,32554.86
568,Toyota Motors,Corolla,2020,62353,Plata,31240.25
569,FORD,Fiesta,2018,88109,Gris,19093.68
570,toyota.,Corolla,2019,110000,Rojo,27501.76
571,toyota.,Corolla,2023,33222,Negro,36068.57
572,volkswagen,Amarok,2024,20029,Plata,47987.06
573,toyota.,Corolla,2019,74837,Blanco,28655.7
574,Volkswagen Motors,Amarok,2015,167401,Plata,30906.88
575,Toyota Motors,Hilux,2019,103685,Blanco,42863.73
576,toyota.,Hilux,2018,109930,Azul,39223.06
577,ford,Ranger,2024,30862,Blanco,45426.58
578,Chevrolet Co.,Cruze,2023,31624,Blanco,32891.65
579,bmw,X5,2020,93409,Rojo,96975.25
580,Chevrolet Co.,Cruze,2020,86859,Plata,25404.1
581,Volkswagen Motors,Amarok,2015,124433,Rojo,38136.93
582,TOYOTA,Hilux,2018,78321,Gris,41607.46
583,renault.,Sandero,2021,86745,Plata,22056.1
584,BMW Motors,Serie 3,2024,26541,Rojo,68051.52
585,volkswagen,Amarok,2022,69911,Negro,45234.13
586,bmw,Serie 3,2024,36773,Plata,67467.0
587,bmw.,X5,2023,31061,Rojo,99008.37
588,Chevrolet Co.,Cruze,2016,168294,Azul,18005.76
589,FORD,Ranger,2017,69575,Gris,38921.62
590,RENAULT,Duster,2022,45985,Negro,28075.29
591,bmw.,Serie 3,2017,76580,Azul,60841.9
592,volkswagen,Golf,2024,27281,Negro,31816.6
593,toyota.,Corolla,2022,36825,Azul,33954.03
594,Peugeot Motors,208,2021,76325,Rojo,20128.43
595,Chevrolet Co.,Onix,2018,70424,Rojo,17078.4
596,toyota.,Hilux,2018,91005,Negro,41703.74
597,FORD,Ranger,2024,29648,Plata,47645.51
598,FIAT,Cronos,2021,66793,Blanco,21455.03
599,RENAULT,Duster,2024,34661,Azul,32468.99
600,TOYOTA,Corolla,2022,62835,Blanco,33918.64
601,bmw,X5,2015,189007,Rojo,84150.58
602,Toyota Motors,Hilux,2022,58573,Gris,49379.16
603,volkswagen.,Golf,2021,64310,Azul,29466.94
604,TOYOTA,Corolla,2022,58792,Blanco,31060.01
605,FORD,Fiesta,2021,68264,Gris,27152.49
606,Peugeot Co.,208,2022,65708,Plata,21103.78
607,BMW Motors,Serie 3,2019,90289,Plata,61479.38
608,Chevrolet Co.,Onix,2016,152440,Plata,15211.81
609,fiat,Toro,2023,29163,Rojo,33106.16
610,renault.,Sandero,2020,100248,Plata,20106.56
611,Chevrolet Co.,Onix,2017,74809,Rojo,17898.33
612,volkswagen.,Amarok,2019,79255,Blanco,41554.22
613,Chevrolet Co.,Onix,2024,23550,Blanco,26445.52
614,Peugeot Motors,3008,2023,24457,Azul,36578.93
615,Peugeot Co.,208,2024,35443,Rojo,28320.85
616,RENAULT,Sandero,2024,33434,Blanco,21740.77
617,bmw,X5,2024,33914,Negro,104243.43
618,Toyota Motors,Corolla,2015,147683,Blanco,24212.94
619,Chevrolet Co.,Cruze,2020,63326,Blanco,26419.95
620,ford,Fiesta,2017,116206,Azul,21013.32
621,CHEVROLET,Cruze,2015,103258,Gris,20348.02
622,FIAT,Toro,2016,147683,Azul,19632.13
623,ford,Ranger,2017,87393,Plata,36431.4
624,volkswagen.,Amarok,2023,34450,Plata,45094.79
625,bmw,Serie 3,2016,174545,Plata,51311.63
626,ford,Ranger,2021,91198,Gris,42946.38
627,volkswagen,Amarok,2017,146987,Rojo,36046.67
628,Peugeot Motors,208,2024,28534,Plata,23801.51
629,Volkswagen Motors,Golf,2016,90610,Rojo,24251.08
630,FORD,Ranger,2021,40904,Gris,43875.67
631,fiat.,Cronos,2015,126489,Plata,12522.0
632,volkswagen.,Golf,2019,92588,Azul,24952.53
633,fiat,Cronos,2020,82229,Rojo,16479.12
634,Toyota Motors,Corolla,2020,80771,Plata,27609.44
635,Peugeot Motors,208,2017,140049,Negro,16351.93
636,Peugeot Motors,3008,2021,48950,Azul,34810.96
637,volkswagen,Amarok,2023,45967,Blanco,45556.87
638,bmw,X5,2020,59356,Negro,95841.56
639,Volkswagen Motors,Amarok,2021,93042,Negro,42603.09
640,renault.,Sandero,2019,92832,Plata,15858.89
641,toyota.,Hilux,2016,161964,Negro,38482.92
642,FIAT,Toro,2018,135656,Gris,25130.53
643,Chevrolet Co.,Cruze,2015,121277,Blanco,18145.69
644,Peugeot Co.,3008,2023,24227,Negro,37971.77
645,FIAT,Toro,2020,57668,Blanco,26075.6
646,Chevrolet Co.,Onix,2022,58954,Plata,26686.57
647,FORD,Ranger,2015,195071,Blanco,33179.54
648,FIAT,Cronos,2016,165617,Plata,11398.9
649,Volkswagen Motors,Amarok,2018,109732,Negro,38126.65
650,BMW Motors,X5,2023,40753,Rojo,99148.66
651,ford,Fiesta,2017,109674,Blanco,20852.73
652,TOYOTA,Corolla,2018,134404,Gris,23618.2
653,FIAT,Cronos,2019,123981,Negro,14973.15
654,Chevrolet Co.,Cruze,2024,27210,Azul,31961.87
655,Peugeot Co.,208,2015,177175,Plata,11539.17
656,Toyota Motors,Hilux,2015,103409,Rojo,41173.24
657,renault.,Duster,2024,33212,Gris,32742.18
658,fiat,Cronos,2022,69249,Negro,19516.04
659,ford,Fiesta,2022,48079,Plata,25878.61
660,Peugeot Motors,208,2018,80393,Azul,17401.86
661,volkswagen.,Amarok,2017,120934,Gris,37752.51
662,Peugeot Motors,208,2016,157588,Blanco,13638.29
663,FIAT,Toro,2017,113873,Gris,20812.52
664,Chevrolet Co.,Cruze,2016,129632,Azul,19950.43
665,ford,Ranger,2021,83536,Rojo,42640.77
666,bmw,Serie 3,2023,37938,Rojo,67620.93
667,renault.,Duster,2018,140602,Rojo,23609.0
668,RENAULT,Sandero,2017,84078,Plata,14410.86
669,Peugeot Co.,3008,2020,100110,Blanco,30741.35
670,Peugeot Co.,3008,2021,44147,Azul,34369.01
671,ford,Ranger,2022,36670,Blanco,45354.42
672,bmw.,Serie 3,2017,95743,Rojo,59577.53
673,volkswagen.,Amarok,2018,94750,Plata,36808.9
674,FIAT,Toro,2021,57984,Blanco,31592.2
675,TOYOTA,Hilux,2017,109903,Blanco,41717.22
676,fiat.,Cronos,2015,184244,Gris,7106.05
677,ford,Fiesta,2018,122749,Plata,20515.03
678,RENAULT,Duster,2021,68948,Rojo,23410.78
679,bmw,Serie 3,2022,38927,Negro,65935.99
680,RENAULT,Duster,2017,108618,Plata,22487.23
681,Chevrolet Co.,Onix,2016,82508,Negro,17556.08
682,Peugeot Motors,208,2016,102958,Plata,13607.29
683,RENAULT,Duster,2024,26676,Rojo,31661.79
684,RENAULT,Duster,2020,70078,Negro,25446.59
685,renault.,Duster,2018,127986,Gris,20913.43
686,RENAULT,Sandero,2015,189696,Rojo,10631.24
687,fiat,Toro,2016,97782,Plata,21179.47
688,volkswagen.,Golf,2023,59869,Blanco,31591.91
689,BMW Motors,Serie 3,2023,49811,Gris,67118.36
690,toyota.,Corolla,2022,59329,Azul,34269.21
691,Peugeot Motors,3008,2020,79673,Gris,31082.85
692,Chevrolet Co.,Cruze,2024,33163,Blanco,31299.09
693,Peugeot Co.,208,2019,62097,Gris,20054.57
694,Peugeot Co.,208,2023,32983,Gris,26858.03
695,Volkswagen Motors,Amarok,2019,85591,Blanco,39518.28
696,FORD,Fiesta,2022,58071,Negro,25070.23
697,volkswagen,Golf,2022,51901,Azul,31069.26
698,toyota.,Corolla,2017,158351,Negro,23251.23
699,Peugeot Motors,3008,2018,116299,Plata,26909.12
700,Chevrolet Co.,Cruze,2015,140442,Blanco,18294.77
701,Toyota Motors,Hilux,2021,74822,Gris,47737.99
702,Peugeot Co.,3008,2021,83617,Gris,33615.66
703,CHEVROLET,Onix,2019,111455,Rojo,16449.33
704,fiat.,Cronos,2016,161352,Plata,13991.16
705,FIAT,Toro,2020,73283,Gris,27926.02
706,ford,Ranger,2022,53156,Plata,45142.33
707,bmw,X5,2017,120011,Azul,93047.01
708,TOYOTA,Corolla,2016,79375,Rojo,26519.89
709,FORD,Ranger,2020,69792,Plata,42162.25
710,volkswagen.,Golf,2015,98381,Azul,23234.61
711,FORD,Fiesta,2024,22143,Plata,30912.33
712,FORD,Fiesta,2021,84910,Negro,22720.24
713,FORD,Ranger,2019,105370,Plata,36308.82
714,ford,Ranger,2021,74714,Gris,40783.06
715,Chevrolet Co.,Cruze,2015,156095,Rojo,17560.51
716,fiat,Toro,2019,77634,Rojo,28130.08
717,ford,Fiesta,2024,32305,Negro,28171.66
718,Peugeot Co.,208,2023,44526,Negro,24620.2
719,ford,Ranger,2016,84715,Blanco,40198.84
720,ford,Ranger,2015,179657,Negro,33617.75
721,Toyota Motors,Hilux,2019,76032,Plata,46838.77
722,FIAT,Cronos,2023,48841,Rojo,20856.91
723,RENAULT,Sandero,2023,36698,Blanco,21771.55
724,RENAULT,Sandero,2024,31425,Gris,24465.42
725,fiat.,Toro,2021,49473,Plata,30305.62
726,ford,Ranger,2016,156535,Gris,36809.25
727,bmw.,Serie 3,2021,56608,Gris,67355.16
728,renault.,Duster,2022,39822,Plata,27166.87
729,Peugeot Co.,208,2015,125806,Blanco,14010.47
730,BMW Motors,X5,2016,173719,Plata,87692.42
731,volkswagen.,Amarok,2015,94112,Gris,34528.51
732,toyota.,Corolla,2021,48843,Negro,30226.28
733,Peugeot Co.,208,2016,83717,Plata,16815.6
734,CHEVROLET,Onix,2022,41679,Negro,24516.45
735,Chevrolet Co.,Onix,2015,138601,Blanco,14029.86
736,Peugeot Co.,208,2016,103486,Rojo,13828.46
737,bmw.,Serie 3,2021,67098,Plata,63002.62
738,RENAULT,Sandero,2024,30746,Negro,24788.85
739,fiat,Cronos,2024,21198,Gris,25875.39
740,FORD,Ranger,2017,129659,Negro,35909.16
741,fiat.,Cronos,2022,50853,Azul,21352.37
742,Toyota Motors,Corolla,2024,35231,Negro,34215.15
743,toyota.,Corolla,2015,90196,Negro,25640.07
744,ford,Ranger,2022,34642,Negro,42699.9
745,CHEVROLET,Cruze,2021,53492,Negro,30386.74
746,TOYOTA,Corolla,2022,35560,Plata,36637.1
747,volkswagen.,Amarok,2015,186250,Negro,32695.58
748,bmw.,Serie 3,2024,34026,Azul,69977.97
749,BMW Motors,Serie 3,2019,70329,Negro,63047.74
750,FORD,Ranger,2022,47648,Negro,45644.63
751,Toyota Motors,Hilux,2019,83144,Rojo,43631.74
752,volkswagen.,Amarok,2015,103537,Plata,35935.77
753,TOYOTA,Corolla,2017,75603,Rojo,25518.02
754,FORD,Fiesta,2022,73625,Azul,26419.83
755,FIAT,Cronos,2020,70967,Blanco,21922.78
756,fiat,Cronos,2018,113505,Negro,15601.79
757,renault.,Sandero,2022,67476,Rojo,17063.78
758,toyota.,Corolla,2018,143541,Rojo,23858.03
759,CHEVROLET,Cruze,2017,145544,Plata,21496.74
760,bmw,X5,2019,75094,Gris,96601.91
761,Chevrolet Co.,Onix,2019,76536,Blanco,20629.03
762,Peugeot Motors,3008,2017,121755,Negro,25981.87
763,volkswagen,Golf,2024,20079,Azul,35729.57
764,bmw.,X5,2023,55583,Negro,100813.63
765,Peugeot Motors,3008,2015,163198,Plata,21876.66
766,bmw.,X5,2021,88028,Negro,92586.08
767,Chevrolet Co.,Cruze,2015,96508,Rojo,20435.74
768,toyota.,Hilux,2022,36555,Rojo,46862.97
769,Peugeot Co.,208,2023,26663,Plata,24001.11
770,renault.,Sandero,2020,72396,Negro,14033.79
771,FORD,Ranger,2019,74439,Plata,43308.62
772,Peugeot Co.,3008,2022,47729,Plata,34366.55
773,renault.,Duster,2022,29679,Plata,30967.61
774,ford,Ranger,2023,21611,Gris,47080.19
775,RENAULT,Sandero,2016,138064,Plata,13427.52
776,TOYOTA,Hilux,2015,107597,Rojo,39452.62
777,FIAT,Cronos,2020,80506,Negro,17936.91
778,FORD,Fiesta,2020,70548,Azul,23876.39
779,ford,Fiesta,2018,109654,Gris,18760.8
780,volkswagen,Amarok,2019,68214,Blanco,41023.68
781,FIAT,Toro,2022,64774,Azul,29164.35
782,ford,Ranger,2022,46427,Plata,45936.85
783,FORD,Ranger,2016,96077,Rojo,36254.54
784,CHEVROLET,Onix,2016,107257,Gris,16147.34
785,FORD,Ranger,2017,95863,Azul,36892.59
786,toyota.,Hilux,2023,33666,Rojo,48403.6
787,FIAT,Toro,2015,141710,Negro,18888.18
788,FORD,Fiesta,2023,42374,Rojo,27139.71
789,fiat.,Toro,2022,64423,Plata,32248.07
790,Peugeot Motors,3008,2024,17383,Gris,37002.39
791,CHEVROLET,Onix,2022,57174,Gris,24750.13
792,Toyota Motors,Hilux,2019,104219,Negro,44102.66
793,CHEVROLET,Onix,2017,96341,Negro,18004.31
794,bmw.,Serie 3,2020,105183,Negro,60016.22
795,Peugeot Motors,3008,2017,98938,Azul,28177.01
796,TOYOTA,Hilux,2020,58249,Gris,42396.77
797,Peugeot Co.,3008,2016,85826,Rojo,28993.73
798,Peugeot Co.,3008,2020,53884,Blanco,31760.62
799,fiat.,Toro,2022,53468,Azul,33880.18
800,CHEVROLET,Cruze,2016,158553,Blanco,18273.11
801,Chevrolet Co.,Cruze,2015,159648,Azul,19978.15
802,BMW Motors,X5,2016,130886,Blanco,87711.34
803,bmw,Serie 3,2019,76511,Blanco,59627.01
804,ford,Fiesta,2023,43876,Negro,30062.6
805,Peugeot Motors,208,2020,88370,Negro,19144.82
806,RENAULT,Duster,2020,48026,Gris,25294.04
807,FIAT,Toro,2022,72296,Blanco,30329.92
808,bmw,X5,2021,75523,Gris,100391.13
809,CHEVROLET,Cruze,2017,159775,Azul,18582.44
810,FORD,Fiesta,2019,108726,Azul,22430.0
811,fiat,Toro,2016,81533,Rojo,21873.6
812,volkswagen.,Golf,2023,50389,Plata,31030.28
813,Chevrolet Co.,Onix,2021,71203,Azul,22915.94
814,Peugeot Co.,3008,2024,24168,Rojo,39533.96
815,Peugeot Co.,208,2015,116024,Gris,14858.08
816,volkswagen,Amarok,2016,129068,Rojo,34122.41
817,CHEVROLET,Onix,2015,106930,Gris,16033.09
818,Peugeot Co.,3008,2024,30404,Azul,36826.35
819,RENAULT,Duster,2016,137319,Azul,20456.04
820,toyota.,Corolla,2024,26166,Negro,33621.23
821,FIAT,Cronos,2020,64146,Blanco,22131.76
822,volkswagen.,Amarok,2020,52469,Gris,43417.45
823,volkswagen,Golf,2023,29275,Plata,33625.09
824,Chevrolet Co.,Onix,2023,39106,Gris,26218.82
825,volkswagen.,Amarok,2016,172299,Azul,37430.89
826,fiat,Cronos,2017,150719,Gris,13606.34
827,FIAT,Toro,2020,64803,Blanco,28454.12
828,bmw.,Serie 3,2018,138577,Azul,56420.93
829,ford,Ranger,2016,99763,Negro,38987.06
830,toyota.,Hilux,2019,93553,Negro,46199.93
831,Peugeot Motors,208,2019,64565,Plata,19317.47
832,FORD,Fiesta,2017,96920,Gris,18726.87
833,Chevrolet Co.,Onix,2016,154787,Plata,13200.28
834,FORD,Fiesta,2022,56262,Blanco,25511.05
835,bmw.,Serie 3,2023,56516,Blanco,66376.88
836,Peugeot Co.,3008,2015,98979,Gris,25895.71
837,Toyota Motors,Corolla,2024,21162,Azul,33664.09
838,bmw.,X5,2015,110818,Negro,88329.71
839,volkswagen,Amarok,2020,68648,Azul,44092.81
840,bmw,Serie 3,2016,178713,Blanco,53110.48
841,bmw,Serie 3,2019,77312,Azul,60484.67
842,TOYOTA,Corolla,2018,126465,Plata,25595.61
843,Peugeot Motors,208,2022,34315,Negro,25537.34
844,FIAT,Toro,2018,129541,Negro,24472.39
845,renault.,Duster,2016,157463,Blanco,19025.81
846,CHEVROLET,Cruze,2019,122242,Plata,22686.75
847,Toyota Motors,Hilux,2022,43065,Rojo,46943.11
848,volkswagen.,Amarok,2022,47305,Azul,47479.67
849,RENAULT,Duster,2018,69118,Rojo,23573.07
850,fiat,Cronos,2022,40947,Rojo,22526.76
851,Peugeot Co.,208,2017,131614,Rojo,15111.15
852,FORD,Fiesta,2020,70104,Gris,25209.87
853,bmw,X5,2016,119789,Rojo,88447.61
854,Peugeot Motors,3008,2021,71860,Rojo,35616.12
855,RENAULT,Duster,2017,138501,Blanco,19705.66
856,ford,Ranger,2022,51552,Plata,44199.59
857,Chevrolet Co.,Onix,2015,91596,Rojo,16149.31
858,Toyota Motors,Hilux,2024,24570,Negro,51958.55
859,volkswagen,Golf,2016,166507,Rojo,20492.93
860,Peugeot Co.,3008,2022,66965,Azul,33333.35
861,volkswagen,Amarok,2023,52917,Blanco,45329.41
862,toyota.,Corolla,2021,79825,Gris,30830.93
863,RENAULT,Duster,2015,90176,Negro,23071.05
864,volkswagen,Golf,2022,58080,Negro,32198.49
865,volkswagen,Amarok,2022,40637,Azul,47628.61
866,Peugeot Motors,3008,2023,30786,Azul,35990.65
867,toyota.,Hilux,2022,70654,Rojo,47265.8
868,FIAT,Toro,2015,96270,Azul,20143.38
869,Toyota Motors,Hilux,2020,101187,Blanco,43544.88
870,FIAT,Cronos,2021,72071,Gris,22822.73
871,RENAULT,Sandero,2018,96030,Negro,15225.42
872,volkswagen,Golf,2016,130230,Blanco,24182.47
873,fiat,Cronos,2023,36319,Blanco,24323.2
874,Peugeot Motors,3008,2019,62238,Plata,32450.93
875,Peugeot Co.,3008,2021,87478,Rojo,33565.06
876,fiat.,Cronos,2022,27743,Plata,24168.38
877,BMW Motors,X5,2023,38072,Negro,96540.81
878,volkswagen.,Amarok,2018,131180,Plata,39457.39
879,FORD,Ranger,2019,60896,Gris,42688.99
880,renault.,Sandero,2024,25553,Azul,25622.49
881,FIAT,Cronos,2024,39959,Rojo,25215.04
882,renault.,Duster,2016,129751,Azul,17758.26
883,volkswagen.,Amarok,2018,117319,Rojo,36455.78
884,volkswagen,Amarok,2023,41557,Blanco,45966.11
885,CHEVROLET,Onix,2022,50048,Plata,24175.07
886,renault.,Sandero,2020,93636,Negro,19928.96
887,bmw.,X5,2021,71114,Gris,96091.78
888,FORD,Ranger,2019,85944,Plata,38152.49
889,CHEVROLET,Onix,2021,57087,Blanco,22375.53
890,Chevrolet Co.,Onix,2018,102978,Rojo,16027.36
891,Peugeot Motors,3008,2015,118773,Negro,25630.56
892,Volkswagen Motors,Golf,2019,81838,Plata,28157.37
893,Chevrolet Co.,Cruze,2015,98295,Blanco,18990.4
894,fiat.,Toro,2016,145443,Gris,20326.83
895,ford,Fiesta,2018,79940,Azul,23113.38
896,ford,Ranger,2016,111499,Azul,36255.08
897,ford,Ranger,2024,28135,Plata,48240.94
898,BMW Motors,Serie 3,2017,88602,Negro,57484.96
899,BMW Motors,X5,2021,59553,Azul,94926.08
900,toyota.,Hilux,2016,136154,Azul,39505.04
901,RENAULT,Sandero,2019,80222,Gris,16799.02
902,Peugeot Motors,3008,2015,194341,Blanco,20184.08
903,TOYOTA,Corolla,2019,112172,Rojo,23976.06
904,volkswagen,Amarok,2016,168698,Negro,34871.68
905,Peugeot Motors,208,2021,54605,Gris,23085.33
906,FORD,Ranger,2018,83067,Rojo,39282.17
907,fiat.,Toro,2015,143827,Blanco,22273.04
908,Peugeot Motors,3008,2020,88445,Blanco,30383.19
909,CHEVROLET,Onix,2020,80762,Azul,18886.98
910,FIAT,Cronos,2015,120265,Plata,11207.31
911,Peugeot Co.,208,2021,55864,Plata,21801.4
912,volkswagen.,Golf,2016,104950,Negro,22502.25
913,CHEVROLET,Cruze,2022,64022,Plata,29381.92
914,CHEVROLET,Onix,2024,22372,Gris,28509.66
915,bmw.,X5,2020,65485,Rojo,94881.45
916,renault.,Sandero,2015,191482,Plata,8633.13
917,bmw.,X5,2018,102124,Plata,92135.11
918,Chevrolet Co.,Cruze,2024,27604,Azul,32500.08
919,Volkswagen Motors,Golf,2020,60147,Azul,28856.22
920,FORD,Ranger,2022,64251,Blanco,43796.53
921,bmw,Serie 3,2018,98373,Gris,56050.44
922,Peugeot Motors,208,2021,54730,Azul,21676.42
923,BMW Motors,Serie 3,2021,55414,Rojo,61664.86
924,Chevrolet Co.,Cruze,2019,88068,Azul,23437.68
925,Peugeot Co.,3008,2024,34889,Blanco,38370.79
926,toyota.,Corolla,2020,84493,Plata,31460.78
927,bmw,X5,2021,84145,Gris,96592.21
928,FORD,Fiesta,2015,151985,Negro,14554.74
929,Peugeot Motors,208,2015,139274,Azul,11957.6
930,RENAULT,Duster,2020,62150,Azul,27193.73
931,TOYOTA,Corolla,2019,74943,Azul,29343.78
932,Peugeot Motors,3008,2017,88385,Gris,26099.88
933,renault.,Duster,2016,136537,Blanco,17862.1
934,CHEVROLET,Cruze,2020,94406,Gris,27241.79
935,volkswagen,Amarok,2023,35020,Rojo,45307.88
936,CHEVROLET,Cruze,2017,149513,Plata,20049.53
937,Peugeot Co.,208,2017,78813,Negro,18422.91
938,Chevrolet Co.,Cruze,2019,79994,Plata,27393.8
939,Peugeot Motors,208,2022,32423,Rojo,23027.13
940,fiat.,Toro,2022,57574,Blanco,29900.36
941,Chevrolet Co.,Cruze,2016,117229,Gris,23348.07
942,Chevrolet Co.,Cruze,2024,30252,Negro,31349.96
943,TOYOTA,Corolla,2021,46184,Negro,32041.96
944,Peugeot Co.,3008,2015,135988,Plata,25416.63
945,ford,Ranger,2024,17578,Gris,47687.31
946,Chevrolet Co.,Onix,2022,65629,Rojo,22356.33
947,volkswagen,Golf,2020,50562,Plata,29160.3
948,Peugeot Motors,208,2018,70022,Plata,17793.99
949,volkswagen.,Golf,2016,168604,Azul,22610.79
950,renault.,Duster,2019,78655,Negro,25117.3
951,renault.,Sandero,2018,88139,Rojo,14833.02
952,RENAULT,Sandero,2016,133602,Rojo,12042.37
953,RENAULT,Sandero,2020,57014,Gris,19505.95
954,BMW Motors,X5,2021,72741,Gris,94036.5
955,renault.,Duster,2020,61542,Rojo,26945.02
956,renault.,Sandero,2023,47727,Rojo,24999.24
957,bmw,Serie 3,2022,69104,Plata,64541.59
958,ford,Ranger,2021,39280,Rojo,42918.39
959,Volkswagen Motors,Golf,2019,81359,Azul,25907.57
960,RENAULT,Sandero,2023,27086,Blanco,22472.99
961,ford,Ranger,2016,148202,Plata,35752.78
962,volkswagen.,Amarok,2024,14387,Azul,48211.46
963,Toyota Motors,Hilux,2017,107161,Rojo,40198.68
964,Toyota Motors,Hilux,2019,81879,Azul,44186.44
965,Peugeot Motors,3008,2020,70799,Negro,35351.57
966,Chevrolet Co.,Cruze,2016,146151,Azul,20168.25
967,Toyota Motors,Hilux,2016,80308,Negro,42227.22
968,Peugeot Motors,3008,2024,42525,Gris,34831.92
969,fiat.,Toro,2019,67059,Negro,28583.88
970,Chevrolet Co.,Onix,2016,86943,Plata,16434.54
971,bmw.,Serie 3,2022,42744,Plata,64389.05
972,BMW Motors,Serie 3,2016,130376,Rojo,54818.29
973,CHEVROLET,Cruze,2015,111474,Negro,19929.25
974,CHEVROLET,Cruze,2022,34792,Rojo,29690.47
975,bmw.,X5,2024,33340,Blanco,100422.61
976,fiat,Cronos,2021,66957,Rojo,22079.82
977,Volkswagen Motors,Amarok,2021,76197,Azul,41390.49
978,Peugeot Co.,208,2023,22550,Rojo,26746.91
979,fiat.,Cronos,2019,95295,Rojo,21818.35
980,ford,Ranger,2022,64812,Blanco,44418.32
981,CHEVROLET,Onix,2022,54312,Rojo,23284.29
982,bmw,Serie 3,2024,29196,Azul,68154.0
983,Peugeot Co.,3008,2021,76367,Plata,32997.86
984,FIAT,Cronos,2024,21998,Gris,24983.18
985,ford,Fiesta,2017,100632,Negro,21372.22
986,Peugeot Co.,3008,2022,54274,Negro,30547.09
987,bmw,Serie 3,2015,155281,Gris,53904.46
988,fiat.,Cronos,2017,146157,Blanco,13040.16
989,ford,Ranger,2016,121636,Blanco,37547.67
990,BMW Motors,X5,2020,79828,Blanco,95418.32
991,Volkswagen Motors,Golf,2015,163016,Rojo,17394.85
992,FORD,Fiesta,2023,23554,Azul,29433.66
993,FORD,Fiesta,2018,115212,Negro,20685.09
994,volkswagen,Amarok,2023,51395,Plata,46261.49
995,FORD,Ranger,2020,58976,Blanco,43193.96
996,BMW Motors,X5,2015,135410,Rojo,88337.99
997,FIAT,Cronos,2016,128335,Gris,14287.38
998,RENAULT,Sandero,2017,151498,Rojo,13187.82
999,bmw.,X5,2021,73423,Rojo,94073.15
1000,fiat,Toro,2017,72805,Plata,24506.42
